biodegradable(1).jpeg,0
biodegradable(2).jpeg,0
biodegradable(3).jpeg,0
biodegradable(4).jpeg,0
biodegradable(5).jpeg,0
biodegradable(6).jpeg,0
biodegradable(7).jpeg,0
biodegradable(8).jpeg,0
biodegradable(9).jpeg,0
biodegradable(10).jpeg,0
biodegradable(11).jpeg,0
biodegradable(12).jpeg,0
biodegradable(13).jpeg,0
biodegradable(14).jpeg,0
biodegradable(15).jpeg,0
biodegradable(16).jpeg,0
biodegradable(17).jpeg,0
biodegradable(18).jpeg,0
biodegradable(19).jpeg,0
biodegradable(20).jpeg,0
biodegradable(21).jpeg,0
biodegradable(22).jpeg,0
biodegradable(23).jpeg,0
biodegradable(24).jpeg,0
biodegradable(25).jpeg,0
biodegradable(26).jpeg,0
biodegradable(27).jpeg,0
biodegradable(28).jpeg,0
biodegradable(29).jpeg,0
biodegradable(30).jpeg,0
biodegradable(31).jpeg,0
biodegradable(32).jpeg,0
biodegradable(33).jpeg,0
biodegradable(34).jpeg,0
biodegradable(35).jpeg,0
biodegradable(36).jpeg,0
biodegradable(37).jpeg,0
biodegradable(38).jpeg,0
biodegradable(39).jpeg,0
biodegradable(40).jpeg,0
biodegradable(41).jpeg,0
biodegradable(42).jpeg,0
biodegradable(43).jpeg,0
biodegradable(44).jpeg,0
biodegradable(45).jpeg,0
biodegradable(46).jpeg,0
biodegradable(47).jpeg,0
biodegradable(48).jpeg,0
biodegradable(49).jpeg,0
biodegradable(50).jpeg,0
biodegradable(51).jpeg,0
biodegradable(52).jpeg,0
biodegradable(53).jpeg,0
biodegradable(54).jpeg,0
biodegradable(55).jpeg,0
biodegradable(56).jpeg,0
biodegradable(57).jpeg,0
biodegradable(58).jpeg,0
biodegradable(59).jpeg,0
biodegradable(60).jpeg,0
biodegradable(61).jpeg,0
biodegradable(62).jpeg,0
biodegradable(63).jpeg,0
biodegradable(64).jpeg,0
biodegradable(65).jpeg,0
biodegradable(66).jpeg,0
biodegradable(67).jpeg,0
biodegradable(68).jpeg,0
biodegradable(69).jpeg,0
biodegradable(70).jpeg,0
biodegradable(71).jpeg,0
biodegradable(72).jpeg,0
biodegradable(73).jpeg,0
biodegradable(74).jpeg,0
biodegradable(75).jpeg,0
biodegradable(76).jpeg,0
biodegradable(77).jpeg,0
biodegradable(78).jpeg,0
biodegradable(79).jpeg,0
biodegradable(80).jpeg,0
biodegradable(81).jpeg,0
biodegradable(82).jpeg,0
biodegradable(83).jpeg,0
biodegradable(84).jpeg,0
biodegradable(85).jpeg,0
biodegradable(86).jpeg,0
biodegradable(87).jpeg,0
biodegradable(88).jpeg,0
biodegradable(89).jpeg,0
biodegradable(90).jpeg,0
biodegradable(91).jpeg,0
biodegradable(92).jpeg,0
biodegradable(93).jpeg,0
biodegradable(94).jpeg,0
biodegradable(95).jpeg,0
biodegradable(96).jpeg,0
biodegradable(97).jpeg,0
biodegradable(98).jpeg,0
biodegradable(99).jpeg,0
biodegradable(100).jpeg,0
biodegradable(101).jpeg,0
biodegradable(102).jpeg,0
biodegradable(103).jpeg,0
biodegradable(104).jpeg,0
biodegradable(105).jpeg,0
biodegradable(106).jpeg,0
biodegradable(107).jpeg,0
biodegradable(108).jpeg,0
biodegradable(109).jpeg,0
biodegradable(110).jpeg,0
biodegradable(111).jpeg,0
biodegradable(112).jpeg,0
biodegradable(113).jpeg,0
biodegradable(114).jpeg,0
biodegradable(115).jpeg,0
biodegradable(116).jpeg,0
biodegradable(117).jpeg,0
biodegradable(118).jpeg,0
biodegradable(119).jpeg,0
biodegradable(120).jpeg,0
biodegradable(121).jpeg,0
biodegradable(122).jpeg,0
biodegradable(123).jpeg,0
biodegradable(124).jpeg,0
biodegradable(125).jpeg,0
biodegradable(126).jpeg,0
biodegradable(127).jpeg,0
biodegradable(128).jpeg,0
biodegradable(129).jpeg,0
biodegradable(130).jpeg,0
biodegradable(131).jpeg,0
biodegradable(132).jpeg,0
biodegradable(133).jpeg,0
biodegradable(134).jpeg,0
biodegradable(135).jpeg,0
biodegradable(136).jpeg,0
biodegradable(137).jpeg,0
biodegradable(138).jpeg,0
biodegradable(139).jpeg,0
biodegradable(140).jpeg,0
biodegradable(141).jpeg,0
biodegradable(142).jpeg,0
biodegradable(143).jpeg,0
biodegradable(144).jpeg,0
biodegradable(145).jpeg,0
biodegradable(146).jpeg,0
biodegradable(147).jpeg,0
biodegradable(148).jpeg,0
biodegradable(149).jpeg,0
biodegradable(150).jpeg,0
biodegradable(151).jpeg,0
biodegradable(152).jpeg,0
biodegradable(153).jpeg,0
biodegradable(154).jpeg,0
biodegradable(155).jpeg,0
biodegradable(156).jpeg,0
biodegradable(157).jpeg,0
biodegradable(158).jpeg,0
biodegradable(159).jpeg,0
biodegradable(160).jpeg,0
biodegradable(161).jpeg,0
biodegradable(162).jpeg,0
biodegradable(163).jpeg,0
biodegradable(164).jpeg,0
biodegradable(165).jpeg,0
biodegradable(166).jpeg,0
biodegradable(167).jpeg,0
biodegradable(168).jpeg,0
biodegradable(169).jpeg,0
biodegradable(170).jpeg,0
biodegradable(171).jpeg,0
biodegradable(172).jpeg,0
biodegradable(173).jpeg,0
biodegradable(174).jpeg,0
biodegradable(175).jpeg,0
biodegradable(176).jpeg,0
biodegradable(177).jpeg,0
biodegradable(178).jpeg,0
biodegradable(179).jpeg,0
biodegradable(180).jpeg,0
biodegradable(181).jpeg,0
biodegradable(182).jpeg,0
biodegradable(183).jpeg,0
biodegradable(184).jpeg,0
biodegradable(185).jpeg,0
biodegradable(186).jpeg,0
biodegradable(187).jpeg,0
biodegradable(188).jpeg,0
biodegradable(189).jpeg,0
biodegradable(190).jpeg,0
biodegradable(191).jpeg,0
biodegradable(192).jpeg,0
biodegradable(193).jpeg,0
biodegradable(194).jpeg,0
biodegradable(195).jpeg,0
biodegradable(196).jpeg,0
biodegradable(197).jpeg,0
biodegradable(198).jpeg,0
biodegradable(199).jpeg,0
biodegradable(200).jpeg,0
biodegradable(201).jpeg,0
biodegradable(202).jpeg,0
biodegradable(203).jpeg,0
biodegradable(204).jpeg,0
biodegradable(205).jpeg,0
biodegradable(206).jpeg,0
biodegradable(207).jpeg,0
biodegradable(208).jpeg,0
biodegradable(209).jpeg,0
biodegradable(210).jpeg,0
biodegradable(211).jpeg,0
biodegradable(212).jpeg,0
biodegradable(213).jpeg,0
biodegradable(214).jpeg,0
biodegradable(215).jpeg,0
biodegradable(216).jpeg,0
biodegradable(217).jpeg,0
biodegradable(218).jpeg,0
biodegradable(219).jpeg,0
biodegradable(220).jpeg,0
biodegradable(221).jpeg,0
biodegradable(222).jpeg,0
biodegradable(223).jpeg,0
biodegradable(224).jpeg,0
biodegradable(225).jpeg,0
biodegradable(226).jpeg,0
biodegradable(227).jpeg,0
biodegradable(228).jpeg,0
biodegradable(229).jpeg,0
biodegradable(230).jpeg,0
biodegradable(231).jpeg,0
biodegradable(232).jpeg,0
biodegradable(233).jpeg,0
biodegradable(234).jpeg,0
biodegradable(235).jpeg,0
biodegradable(236).jpeg,0
biodegradable(237).jpeg,0
biodegradable(238).jpeg,0
biodegradable(239).jpeg,0
biodegradable(240).jpeg,0
biodegradable(241).jpeg,0
biodegradable(242).jpeg,0
biodegradable(243).jpeg,0
biodegradable(244).jpeg,0
biodegradable(245).jpeg,0
biodegradable(246).jpeg,0
biodegradable(247).jpeg,0
biodegradable(248).jpeg,0
biodegradable(249).jpeg,0
biodegradable(250).jpeg,0
biodegradable(251).jpeg,0
biodegradable(252).jpeg,0
biodegradable(253).jpeg,0
biodegradable(254).jpeg,0
biodegradable(255).jpeg,0
biodegradable(256).jpeg,0
biodegradable(257).jpeg,0
biodegradable(258).jpeg,0
biodegradable(259).jpeg,0
biodegradable(260).jpeg,0
biodegradable(261).jpeg,0
biodegradable(262).jpeg,0
biodegradable(263).jpeg,0
biodegradable(264).jpeg,0
biodegradable(265).jpeg,0
biodegradable(266).jpeg,0
biodegradable(267).jpeg,0
biodegradable(268).jpeg,0
biodegradable(269).jpeg,0
biodegradable(270).jpeg,0
biodegradable(271).jpeg,0
biodegradable(272).jpeg,0
biodegradable(273).jpeg,0
biodegradable(274).jpeg,0
biodegradable(275).jpeg,0
biodegradable(276).jpeg,0
biodegradable(277).jpeg,0
biodegradable(278).jpeg,0
biodegradable(279).jpeg,0
biodegradable(280).jpeg,0
biodegradable(281).jpeg,0
biodegradable(282).jpeg,0
biodegradable(283).jpeg,0
biodegradable(284).jpeg,0
biodegradable(285).jpeg,0
biodegradable(286).jpeg,0
biodegradable(287).jpeg,0
biodegradable(288).jpeg,0
biodegradable(289).jpeg,0
biodegradable(290).jpeg,0
biodegradable(291).jpeg,0
biodegradable(292).jpeg,0
biodegradable(293).jpeg,0
biodegradable(294).jpeg,0
biodegradable(295).jpeg,0
biodegradable(296).jpeg,0
biodegradable(297).jpeg,0
biodegradable(298).jpeg,0
biodegradable(299).jpeg,0
biodegradable(300).jpeg,0
biodegradable(301).jpeg,0
biodegradable(302).jpeg,0
biodegradable(303).jpeg,0
biodegradable(304).jpeg,0
biodegradable(305).jpeg,0
biodegradable(306).jpeg,0
biodegradable(307).jpeg,0
biodegradable(308).jpeg,0
biodegradable(309).jpeg,0
biodegradable(310).jpeg,0
biodegradable(311).jpeg,0
biodegradable(312).jpeg,0
biodegradable(313).jpeg,0
biodegradable(314).jpeg,0
biodegradable(315).jpeg,0
biodegradable(316).jpeg,0
biodegradable(317).jpeg,0
biodegradable(318).jpeg,0
biodegradable(319).jpeg,0
biodegradable(320).jpeg,0
biodegradable(321).jpeg,0
biodegradable(322).jpeg,0
biodegradable(323).jpeg,0
biodegradable(324).jpeg,0
biodegradable(325).jpeg,0
biodegradable(326).jpeg,0
biodegradable(327).jpeg,0
biodegradable(328).jpeg,0
biodegradable(329).jpeg,0
biodegradable(330).jpeg,0
biodegradable(331).jpeg,0
biodegradable(332).jpeg,0
biodegradable(333).jpeg,0
biodegradable(334).jpeg,0
biodegradable(335).jpeg,0
biodegradable(336).jpeg,0
biodegradable(337).jpeg,0
biodegradable(338).jpeg,0
biodegradable(339).jpeg,0
biodegradable(340).jpeg,0
biodegradable(341).jpeg,0
biodegradable(342).jpeg,0
biodegradable(343).jpeg,0
biodegradable(344).jpeg,0
biodegradable(345).jpeg,0
biodegradable(346).jpeg,0
biodegradable(347).jpeg,0
biodegradable(348).jpeg,0
biodegradable(349).jpeg,0
biodegradable(350).jpeg,0
biodegradable(351).jpeg,0
biodegradable(352).jpeg,0
biodegradable(353).jpeg,0
biodegradable(354).jpeg,0
biodegradable(355).jpeg,0
biodegradable(356).jpeg,0
biodegradable(357).jpeg,0
biodegradable(358).jpeg,0
biodegradable(359).jpeg,0
biodegradable(360).jpeg,0
biodegradable(361).jpeg,0
biodegradable(362).jpeg,0
biodegradable(363).jpeg,0
biodegradable(364).jpeg,0
biodegradable(365).jpeg,0
biodegradable(366).jpeg,0
biodegradable(367).jpeg,0
biodegradable(368).jpeg,0
biodegradable(369).jpeg,0
biodegradable(370).jpeg,0
biodegradable(371).jpeg,0
biodegradable(372).jpeg,0
biodegradable(373).jpeg,0
biodegradable(374).jpeg,0
biodegradable(375).jpeg,0
biodegradable(376).jpeg,0
biodegradable(377).jpeg,0
biodegradable(378).jpeg,0
biodegradable(379).jpeg,0
biodegradable(380).jpeg,0
biodegradable(381).jpeg,0
biodegradable(382).jpeg,0
biodegradable(383).jpeg,0
biodegradable(384).jpeg,0
biodegradable(385).jpeg,0
biodegradable(386).jpeg,0
biodegradable(387).jpeg,0
biodegradable(388).jpeg,0
biodegradable(389).jpeg,0
biodegradable(390).jpeg,0
biodegradable(391).jpeg,0
biodegradable(392).jpeg,0
biodegradable(393).jpeg,0
biodegradable(394).jpeg,0
biodegradable(395).jpeg,0
biodegradable(396).jpeg,0
biodegradable(397).jpeg,0
biodegradable(398).jpeg,0
biodegradable(399).jpeg,0
biodegradable(400).jpeg,0
biodegradable(401).jpeg,0
biodegradable(402).jpeg,0
biodegradable(403).jpeg,0
biodegradable(404).jpeg,0
biodegradable(405).jpeg,0
biodegradable(406).jpeg,0
biodegradable(407).jpeg,0
biodegradable(408).jpeg,0
biodegradable(409).jpeg,0
biodegradable(410).jpeg,0
biodegradable(411).jpeg,0
biodegradable(412).jpeg,0
biodegradable(413).jpeg,0
biodegradable(414).jpeg,0
biodegradable(415).jpeg,0
biodegradable(416).jpeg,0
biodegradable(417).jpeg,0
biodegradable(418).jpeg,0
biodegradable(419).jpeg,0
biodegradable(420).jpeg,0
biodegradable(421).jpeg,0
biodegradable(422).jpeg,0
biodegradable(423).jpeg,0
biodegradable(424).jpeg,0
biodegradable(425).jpeg,0
biodegradable(426).jpeg,0
biodegradable(427).jpeg,0
biodegradable(428).jpeg,0
biodegradable(429).jpeg,0
biodegradable(430).jpeg,0
biodegradable(431).jpeg,0
biodegradable(432).jpeg,0
biodegradable(433).jpeg,0
biodegradable(434).jpeg,0
biodegradable(435).jpeg,0
biodegradable(436).jpeg,0
biodegradable(437).jpeg,0
biodegradable(438).jpeg,0
biodegradable(439).jpeg,0
biodegradable(440).jpeg,0
biodegradable(441).jpeg,0
biodegradable(442).jpeg,0
biodegradable(443).jpeg,0
biodegradable(444).jpeg,0
biodegradable(445).jpeg,0
biodegradable(446).jpeg,0
biodegradable(447).jpeg,0
biodegradable(448).jpeg,0
biodegradable(449).jpeg,0
biodegradable(450).jpeg,0
biodegradable(451).jpeg,0
biodegradable(452).jpeg,0
biodegradable(453).jpeg,0
biodegradable(454).jpeg,0
biodegradable(455).jpeg,0
biodegradable(456).jpeg,0
biodegradable(457).jpeg,0
biodegradable(458).jpeg,0
biodegradable(459).jpeg,0
biodegradable(460).jpeg,0
biodegradable(461).jpeg,0
biodegradable(462).jpeg,0
biodegradable(463).jpeg,0
biodegradable(464).jpeg,0
biodegradable(465).jpeg,0
biodegradable(466).jpeg,0
biodegradable(467).jpeg,0
biodegradable(468).jpeg,0
biodegradable(469).jpeg,0
biodegradable(470).jpeg,0
biodegradable(471).jpeg,0
biodegradable(472).jpeg,0
biodegradable(473).jpeg,0
biodegradable(474).jpeg,0
biodegradable(475).jpeg,0
biodegradable(476).jpeg,0
biodegradable(477).jpeg,0
biodegradable(478).jpeg,0
biodegradable(479).jpeg,0
biodegradable(480).jpeg,0
biodegradable(481).jpeg,0
biodegradable(482).jpeg,0
biodegradable(483).jpeg,0
biodegradable(484).jpeg,0
biodegradable(485).jpeg,0
biodegradable(486).jpeg,0
biodegradable(487).jpeg,0
biodegradable(488).jpeg,0
biodegradable(489).jpeg,0
biodegradable(490).jpeg,0
biodegradable(491).jpeg,0
biodegradable(492).jpeg,0
biodegradable(493).jpeg,0
biodegradable(494).jpeg,0
biodegradable(495).jpeg,0
biodegradable(496).jpeg,0
biodegradable(497).jpeg,0
biodegradable(498).jpeg,0
biodegradable(499).jpeg,0
biodegradable(500).jpeg,0
biodegradable(501).jpeg,0
biodegradable(502).jpeg,0
biodegradable(503).jpeg,0
biodegradable(504).jpeg,0
biodegradable(505).jpeg,0
biodegradable(506).jpeg,0
biodegradable(507).jpeg,0
biodegradable(508).jpeg,0
biodegradable(509).jpeg,0
biodegradable(510).jpeg,0
biodegradable(511).jpeg,0
biodegradable(512).jpeg,0
biodegradable(513).jpeg,0
biodegradable(514).jpeg,0
biodegradable(515).jpeg,0
biodegradable(516).jpeg,0
biodegradable(517).jpeg,0
biodegradable(518).jpeg,0
biodegradable(519).jpeg,0
biodegradable(520).jpeg,0
biodegradable(521).jpeg,0
biodegradable(522).jpeg,0
biodegradable(523).jpeg,0
biodegradable(524).jpeg,0
biodegradable(525).jpeg,0
biodegradable(526).jpeg,0
biodegradable(527).jpeg,0
biodegradable(528).jpeg,0
biodegradable(529).jpeg,0
biodegradable(530).jpeg,0
biodegradable(531).jpeg,0
biodegradable(532).jpeg,0
biodegradable(533).jpeg,0
biodegradable(534).jpeg,0
biodegradable(535).jpeg,0
biodegradable(536).jpeg,0
biodegradable(537).jpeg,0
biodegradable(538).jpeg,0
biodegradable(539).jpeg,0
biodegradable(540).jpeg,0
biodegradable(541).jpeg,0
biodegradable(542).jpeg,0
biodegradable543().jpeg,0
biodegradable(544).jpeg,0
biodegradable(545).jpeg,0
biodegradable(546).jpeg,0
biodegradable(547).jpeg,0
biodegradable(548).jpeg,0
biodegradable(549).jpeg,0
biodegradable(550).jpeg,0
biodegradable(551).jpeg,0
biodegradable(552).jpeg,0
biodegradable(553).jpeg,0
biodegradable(554).jpeg,0
biodegradable(555).jpeg,0
biodegradable(556).jpeg,0
biodegradable(557).jpeg,0
biodegradable(558).jpeg,0
biodegradable(559).jpeg,0
biodegradable(560).jpeg,0
biodegradable(561).jpeg,0
biodegradable(562).jpeg,0
biodegradable(563).jpeg,0
biodegradable(564).jpeg,0
biodegradable(565).jpeg,0
biodegradable(566).jpeg,0
biodegradable(567).jpeg,0
biodegradable(568).jpeg,0
biodegradable(569).jpeg,0
biodegradable(570).jpeg,0
biodegradable(571).jpeg,0
biodegradable(572).jpeg,0
biodegradable(573).jpeg,0
biodegradable(574).jpeg,0
biodegradable(575).jpeg,0
biodegradable(576).jpeg,0
biodegradable(577).jpeg,0
biodegradable(578).jpeg,0
biodegradable(579).jpeg,0
biodegradable(580).jpeg,0
biodegradable(581).jpeg,0
biodegradable(582).jpeg,0
biodegradable(583).jpeg,0
biodegradable(584).jpeg,0
biodegradable(585).jpeg,0
biodegradable(586).jpeg,0
biodegradable(587).jpeg,0
biodegradable(588).jpeg,0
biodegradable(589).jpeg,0
biodegradable(590).jpeg,0
biodegradable(591).jpeg,0
biodegradable(592).jpeg,0
biodegradable(593).jpeg,0
biodegradable(594).jpeg,0
biodegradable(595).jpeg,0
biodegradable(596).jpeg,0
biodegradable(597).jpeg,0
biodegradable(598).jpeg,0
biodegradable(599).jpeg,0
biodegradable(600).jpeg,0
biodegradable(601).jpeg,0
biodegradable(602).jpeg,0
biodegradable(603).jpeg,0
biodegradable(604).jpeg,0
biodegradable(605).jpeg,0
biodegradable(606).jpeg,0
biodegradable(607).jpeg,0
biodegradable(608).jpeg,0
biodegradable(609).jpeg,0
biodegradable(610).jpeg,0
biodegradable611().jpeg,0
biodegradable(612).jpeg,0
biodegradable(613).jpeg,0
biodegradable(614).jpeg,0
biodegradable(615).jpeg,0
biodegradable(616).jpeg,0
biodegradable(617).jpeg,0
biodegradable(618).jpeg,0
biodegradable(619).jpeg,0
biodegradable(620).jpeg,0
biodegradable(621).jpeg,0
biodegradable(622).jpeg,0
biodegradable(623).jpeg,0
biodegradable(624).jpeg,0
biodegradable(625).jpeg,0
biodegradable(626).jpeg,0
biodegradable(627).jpeg,0
biodegradable(628).jpeg,0
biodegradable(629).jpeg,0
biodegradable(630).jpeg,0
biodegradable(631).jpeg,0
biodegradable(632).jpeg,0
biodegradable(633).jpeg,0
biodegradable(634).jpeg,0
biodegradable(635).jpeg,0
biodegradable(636).jpeg,0
biodegradable(637).jpeg,0
biodegradable(638).jpeg,0
biodegradable(639).jpeg,0
biodegradable(640).jpeg,0
biodegradable(641).jpeg,0
biodegradable(642).jpeg,0
biodegradable(643).jpeg,0
biodegradable(644).jpeg,0
biodegradable(645).jpeg,0
biodegradable(646).jpeg,0
biodegradable(647).jpeg,0
biodegradable(648).jpeg,0
biodegradable(649).jpeg,0
biodegradable(650).jpeg,0
biodegradable(651).jpeg,0
biodegradable(652).jpeg,0
biodegradable(653).jpeg,0
biodegradable(654).jpeg,0
biodegradable(655).jpeg,0
biodegradable(656).jpeg,0
biodegradable(657).jpeg,0
biodegradable(658).jpeg,0
biodegradable(659).jpeg,0
biodegradable(660).jpeg,0
biodegradable(661).jpeg,0
biodegradable(662).jpeg,0
biodegradable(663).jpeg,0
biodegradable(664).jpeg,0
biodegradable(665).jpeg,0
biodegradable(666).jpeg,0
biodegradable(667).jpeg,0
biodegradable(668).jpeg,0
biodegradable(669).jpeg,0
biodegradable(670).jpeg,0
biodegradable(671).jpeg,0
biodegradable(672).jpeg,0
biodegradable(673).jpeg,0
biodegradable(674).jpeg,0
biodegradable(675).jpeg,0
biodegradable(676).jpeg,0
biodegradable(677).jpeg,0
biodegradable(678).jpeg,0
biodegradable(679).jpeg,0
biodegradable(680).jpeg,0
biodegradable(681).jpeg,0
biodegradable(682).jpeg,0
biodegradable(683).jpeg,0
biodegradable(684).jpeg,0
biodegradable(685).jpeg,0
biodegradable(686).jpeg,0
biodegradable(687).jpeg,0
biodegradable(688).jpeg,0
biodegradable(689).jpeg,0
biodegradable(690).jpeg,0
biodegradable(691).jpeg,0
biodegradable(692).jpeg,0
biodegradable(693).jpeg,0
biodegradable(694).jpeg,0
biodegradable(695).jpeg,0
biodegradable(696).jpeg,0
biodegradable(697).jpeg,0
biodegradable(698).jpeg,0
biodegradable(699).jpeg,0
biodegradable(700).jpeg,0
biodegradable(701).jpeg,0
biodegradable(702).jpeg,0
biodegradable(703).jpeg,0
biodegradable(704).jpeg,0
biodegradable(705).jpeg,0
biodegradable(706).jpeg,0
biodegradable(707).jpeg,0
biodegradable(708).jpeg,0
biodegradable(709).jpeg,0
biodegradable(710).jpeg,0
biodegradable(711).jpeg,0
biodegradable(712).jpeg,0
biodegradable(713).jpeg,0
biodegradable(714).jpeg,0
biodegradable(715).jpeg,0
biodegradable(716).jpeg,0
biodegradable(717).jpeg,0
biodegradable(718).jpeg,0
biodegradable(719).jpeg,0
biodegradable(720).jpeg,0
biodegradable(721).jpeg,0
biodegradable(722).jpeg,0
biodegradable(723).jpeg,0
biodegradable(724).jpeg,0
biodegradable(725).jpeg,0
biodegradable(726).jpeg,0
biodegradable(727).jpeg,0
biodegradable(728).jpeg,0
biodegradable(729).jpeg,0
biodegradable(730).jpeg,0
biodegradable(731).jpeg,0
biodegradable(732).jpeg,0
biodegradable(733).jpeg,0
biodegradable(734).jpeg,0
biodegradable(735).jpeg,0
biodegradable(736).jpeg,0
biodegradable(737).jpeg,0
biodegradable(738).jpeg,0
biodegradable(739).jpeg,0
biodegradable(740).jpeg,0
biodegradable(741).jpeg,0
biodegradable(742).jpeg,0
biodegradable(743).jpeg,0
biodegradable(744).jpeg,0
biodegradable(745).jpeg,0
biodegradable(746).jpeg,0
biodegradable(747).jpeg,0
biodegradable(748).jpeg,0
biodegradable(749).jpeg,0
biodegradable(750).jpeg,0
biodegradable(751).jpeg,0
biodegradable(752).jpeg,0
biodegradable(753).jpeg,0
biodegradable(754).jpeg,0
biodegradable(755).jpeg,0
biodegradable(756).jpeg,0
biodegradable(757).jpeg,0
biodegradable(758).jpeg,0
biodegradable(759).jpeg,0
biodegradable(760).jpeg,0
biodegradable(761).jpeg,0
biodegradable(762).jpeg,0
biodegradable(763).jpeg,0
biodegradable(764).jpeg,0
biodegradable(765).jpeg,0
biodegradable(766).jpeg,0
biodegradable(767).jpeg,0
biodegradable(768).jpeg,0
biodegradable(769).jpeg,0
biodegradable(770).jpeg,0
biodegradable(771).jpeg,0
biodegradable(772).jpeg,0
biodegradable(773).jpeg,0
biodegradable(774).jpeg,0
biodegradable(775).jpeg,0
biodegradable(776).jpeg,0
biodegradable(777).jpeg,0
biodegradable(778).jpeg,0
biodegradable(779).jpeg,0
biodegradable(780).jpeg,0
biodegradable(781).jpeg,0
biodegradable(782).jpeg,0
biodegradable(783).jpeg,0
biodegradable(784).jpeg,0
biodegradable(785).jpeg,0
biodegradable(786).jpeg,0
biodegradable(787).jpeg,0
biodegradable(788).jpeg,0
biodegradable(789).jpeg,0
biodegradable(790).jpeg,0
biodegradable(791).jpeg,0
biodegradable(792).jpeg,0
biodegradable(793).jpeg,0
biodegradable(794).jpeg,0
biodegradable(795).jpeg,0
biodegradable(796).jpeg,0
biodegradable(797).jpeg,0
biodegradable(798).jpeg,0
biodegradable(799).jpeg,0
biodegradable(800).jpeg,0
biodegradable(801).jpeg,0
biodegradable(802).jpeg,0
biodegradable(803).jpeg,0
biodegradable(804).jpeg,0
biodegradable(805).jpeg,0
biodegradable(806).jpeg,0
biodegradable(807).jpeg,0
biodegradable(808).jpeg,0
biodegradable(809).jpeg,0
biodegradable(810).jpeg,0
biodegradable(811).jpeg,0
biodegradable(812).jpeg,0
biodegradable(813).jpeg,0
biodegradable(814).jpeg,0
biodegradable(815).jpeg,0
biodegradable(816).jpeg,0
biodegradable(817).jpeg,0
biodegradable(818).jpeg,0
biodegradable(819).jpeg,0
biodegradable(820).jpeg,0
biodegradable(821).jpeg,0
biodegradable(822).jpeg,0
biodegradable(823).jpeg,0
biodegradable(824).jpeg,0
biodegradable(825).jpeg,0
biodegradable(826).jpeg,0
biodegradable(827).jpeg,0
biodegradable(828).jpeg,0
biodegradable(829).jpeg,0
biodegradable(830).jpeg,0
biodegradable(831).jpeg,0
biodegradable(832).jpeg,0
biodegradable(833).jpeg,0
biodegradable(834).jpeg,0
biodegradable(835).jpeg,0
biodegradable(836).jpeg,0
biodegradable(837).jpeg,0
biodegradable(838).jpeg,0
biodegradable(839).jpeg,0
biodegradable(840).jpeg,0
biodegradable(841).jpeg,0
biodegradable(842).jpeg,0
biodegradable(843).jpeg,0
biodegradable(844).jpeg,0
biodegradable(845).jpeg,0
biodegradable(846).jpeg,0
biodegradable(847).jpeg,0
biodegradable(848).jpeg,0
biodegradable(849).jpeg,0
biodegradable(850).jpeg,0
biodegradable(851).jpeg,0
biodegradable(852).jpeg,0
biodegradable(853).jpeg,0
biodegradable(854).jpeg,0
biodegradable(855).jpeg,0
biodegradable(856).jpeg,0
biodegradable(857).jpeg,0
biodegradable(858).jpeg,0
biodegradable(859).jpeg,0
biodegradable(860).jpeg,0
biodegradable(861).jpeg,0
biodegradable(862).jpeg,0
biodegradable(863).jpeg,0
biodegradable(864).jpeg,0
non-biodegradable(1).jpeg,1
non-biodegradable(2).jpeg,1
non-biodegradable(3).jpeg,1
non-biodegradable(4).jpeg,1
non-biodegradable(5).jpeg,1
non-biodegradable(6).jpeg,1
non-biodegradable(7).jpeg,1
non-biodegradable(8).jpeg,1
non-biodegradable(9).jpeg,1
non-biodegradable(10).jpeg,1
non-biodegradable(11).jpeg,1
non-biodegradable(12).jpeg,1
non-biodegradable(13).jpeg,1
non-biodegradable(14).jpeg,1
non-biodegradable(15).jpeg,1
non-biodegradable(16).jpeg,1
non-biodegradable(17).jpeg,1
non-biodegradable(18).jpeg,1
non-biodegradable(19).jpeg,1
non-biodegradable(20).jpeg,1
non-biodegradable(21).jpeg,1
non-biodegradable(22).jpeg,1
non-biodegradable(23).jpeg,1
non-biodegradable(24).jpeg,1
non-biodegradable(25).jpeg,1
non-biodegradable(26).jpeg,1
non-biodegradable(27).jpeg,1
non-biodegradable(28).jpeg,1
non-biodegradable(29).jpeg,1
non-biodegradable(30).jpeg,1
non-biodegradable(31).jpeg,1
non-biodegradable(32).jpeg,1
non-biodegradable(33).jpeg,1
non-biodegradable(34).jpeg,1
non-biodegradable(35).jpeg,1
non-biodegradable(36).jpeg,1
non-biodegradable(37).jpeg,1
non-biodegradable(38).jpeg,1
non-biodegradable(39).jpeg,1
non-biodegradable(40).jpeg,1
non-biodegradable(41).jpeg,1
non-biodegradable(42).jpeg,1
non-biodegradable(43).jpeg,1
non-biodegradable(44).jpeg,1
non-biodegradable(45).jpeg,1
non-biodegradable(46).jpeg,1
non-biodegradable(47).jpeg,1
non-biodegradable(48).jpeg,1
non-biodegradable(49).jpeg,1
non-biodegradable(50).jpeg,1
non-biodegradable(51).jpeg,1
non-biodegradable(52).jpeg,1
non-biodegradable(53).jpeg,1
non-biodegradable(54).jpeg,1
non-biodegradable(55).jpeg,1
non-biodegradable(56).jpeg,1
non-biodegradable(57).jpeg,1
non-biodegradable(58).jpeg,1
non-biodegradable(59).jpeg,1
non-biodegradable(60).jpeg,1
non-biodegradable(61).jpeg,1
non-biodegradable(62).jpeg,1
non-biodegradable(63).jpeg,1
non-biodegradable(64).jpeg,1
non-biodegradable(65).jpeg,1
non-biodegradable(66).jpeg,1
non-biodegradable(67).jpeg,1
non-biodegradable(68).jpeg,1
non-biodegradable(69).jpeg,1
non-biodegradable(70).jpeg,1
non-biodegradable(71).jpeg,1
non-biodegradable(72).jpeg,1
non-biodegradable(73).jpeg,1
non-biodegradable(74).jpeg,1
non-biodegradable(75).jpeg,1
non-biodegradable(76).jpeg,1
non-biodegradable(77).jpeg,1
non-biodegradable(78).jpeg,1
non-biodegradable(79).jpeg,1
non-biodegradable(80).jpeg,1
non-biodegradable(81).jpeg,1
non-biodegradable(82).jpeg,1
non-biodegradable(83).jpeg,1
non-biodegradable(84).jpeg,1
non-biodegradable(85).jpeg,1
non-biodegradable(86).jpeg,1
non-biodegradable(87).jpeg,1
non-biodegradable(88).jpeg,1
non-biodegradable(89).jpeg,1
non-biodegradable(90).jpeg,1
non-biodegradable(91).jpeg,1
non-biodegradable(92).jpeg,1
non-biodegradable(93).jpeg,1
non-biodegradable(94).jpeg,1
non-biodegradable(95).jpeg,1
non-biodegradable(96).jpeg,1
non-biodegradable(97).jpeg,1
non-biodegradable(98).jpeg,1
non-biodegradable(99).jpeg,1
non-biodegradable(100).jpeg,1
non-biodegradable(101).jpeg,1
non-biodegradable(102).jpeg,1
non-biodegradable(103).jpeg,1
non-biodegradable(104).jpeg,1
non-biodegradable(105).jpeg,1
non-biodegradable(106).jpeg,1
non-biodegradable(107).jpeg,1
non-biodegradable(108).jpeg,1
non-biodegradable(109).jpeg,1
non-biodegradable(110).jpeg,1
non-biodegradable(111).jpeg,1
non-biodegradable(112).jpeg,1
non-biodegradable(113).jpeg,1
non-biodegradable(114).jpeg,1
non-biodegradable(115).jpeg,1
non-biodegradable(116).jpeg,1
non-biodegradable(117).jpeg,1
non-biodegradable(118).jpeg,1
non-biodegradable(119).jpeg,1
non-biodegradable(120).jpeg,1
non-biodegradable(121).jpeg,1
non-biodegradable(122).jpeg,1
non-biodegradable(123).jpeg,1
non-biodegradable(124).jpeg,1
non-biodegradable(125).jpeg,1
non-biodegradable(126).jpeg,1
non-biodegradable(127).jpeg,1
non-biodegradable(128).jpeg,1
non-biodegradable(129).jpeg,1
non-biodegradable(130).jpeg,1
non-biodegradable(131).jpeg,1
non-biodegradable(132).jpeg,1
non-biodegradable(133).jpeg,1
non-biodegradable(134).jpeg,1
non-biodegradable(135).jpeg,1
non-biodegradable(136).jpeg,1
non-biodegradable(137).jpeg,1
non-biodegradable(138).jpeg,1
non-biodegradable(139).jpeg,1
non-biodegradable(140).jpeg,1
non-biodegradable(141).jpeg,1
non-biodegradable(142).jpeg,1
non-biodegradable(143).jpeg,1
non-biodegradable(144).jpeg,1
non-biodegradable(145).jpeg,1
non-biodegradable(146).jpeg,1
non-biodegradable(147).jpeg,1
non-biodegradable(148).jpeg,1
non-biodegradable(149).jpeg,1
non-biodegradable(150).jpeg,1
non-biodegradable(151).jpeg,1
non-biodegradable(152).jpeg,1
non-biodegradable(153).jpeg,1
non-biodegradable(154).jpeg,1
non-biodegradable(155).jpeg,1
non-biodegradable(156).jpeg,1
non-biodegradable(157).jpeg,1
non-biodegradable(158).jpeg,1
non-biodegradable(159).jpeg,1
non-biodegradable(160).jpeg,1
non-biodegradable(161).jpeg,1
non-biodegradable(162).jpeg,1
non-biodegradable(163).jpeg,1
non-biodegradable(164).jpeg,1
non-biodegradable(165).jpeg,1
non-biodegradable(166).jpeg,1
non-biodegradable(167).jpeg,1
non-biodegradable(168).jpeg,1
non-biodegradable(169).jpeg,1
non-biodegradable(170).jpeg,1
non-biodegradable(171).jpeg,1
non-biodegradable(172).jpeg,1
non-biodegradable(173).jpeg,1
non-biodegradable(174).jpeg,1
non-biodegradable(175).jpeg,1
non-biodegradable(176).jpeg,1
non-biodegradable(177).jpeg,1
non-biodegradable(178).jpeg,1
non-biodegradable(179).jpeg,1
non-biodegradable(180).jpeg,1
non-biodegradable(181).jpeg,1
non-biodegradable(182).jpeg,1
non-biodegradable(183).jpeg,1
non-biodegradable(184).jpeg,1
non-biodegradable(185).jpeg,1
non-biodegradable(186).jpeg,1
non-biodegradable(187).jpeg,1
non-biodegradable(188).jpeg,1
non-biodegradable(189).jpeg,1
non-biodegradable(190).jpeg,1
non-biodegradable(191).jpeg,1
non-biodegradable(192).jpeg,1
non-biodegradable(193).jpeg,1
non-biodegradable(194).jpeg,1
non-biodegradable(195).jpeg,1
non-biodegradable(196).jpeg,1
non-biodegradable(197).jpeg,1
non-biodegradable(198).jpeg,1
non-biodegradable(199).jpeg,1
non-biodegradable(200).jpeg,1
non-biodegradable(201).jpeg,1
non-biodegradable(202).jpeg,1
non-biodegradable(203).jpeg,1
non-biodegradable(204).jpeg,1
non-biodegradable(205).jpeg,1
non-biodegradable(206).jpeg,1
non-biodegradable(207).jpeg,1
non-biodegradable(208).jpeg,1
non-biodegradable(209).jpeg,1
non-biodegradable(210).jpeg,1
non-biodegradable(211).jpeg,1
non-biodegradable(212).jpeg,1
non-biodegradable(213).jpeg,1
non-biodegradable(214).jpeg,1
non-biodegradable(215).jpeg,1
non-biodegradable(216).jpeg,1
non-biodegradable(217).jpeg,1
non-biodegradable(218).jpeg,1
non-biodegradable(219).jpeg,1
non-biodegradable(220).jpeg,1
non-biodegradable(221).jpeg,1
non-biodegradable(222).jpeg,1
non-biodegradable(223).jpeg,1
non-biodegradable(224).jpeg,1
non-biodegradable(225).jpeg,1
non-biodegradable(226).jpeg,1
non-biodegradable(227).jpeg,1
non-biodegradable(228).jpeg,1
non-biodegradable(229).jpeg,1
non-biodegradable(232).jpeg,1
non-biodegradable(233).jpeg,1
non-biodegradable(234).jpeg,1
non-biodegradable(235).jpeg,1
non-biodegradable(236).jpeg,1
non-biodegradable(237).jpeg,1
non-biodegradable(238).jpeg,1
non-biodegradable(239).jpeg,1
non-biodegradable(240).jpeg,1
non-biodegradable(241).jpeg,1
non-biodegradable(242).jpeg,1
non-biodegradable(243).jpeg,1
non-biodegradable(244).jpeg,1
non-biodegradable(245).jpeg,1
non-biodegradable(246).jpeg,1
non-biodegradable(247).jpeg,1
non-biodegradable(248).jpeg,1
non-biodegradable(249).jpeg,1
non-biodegradable(250).jpeg,1
non-biodegradable(251).jpeg,1
non-biodegradable(252).jpeg,1
non-biodegradable(253).jpeg,1
non-biodegradable(254).jpeg,1
non-biodegradable(255).jpeg,1
non-biodegradable(256).jpeg,1
non-biodegradable(257).jpeg,1
non-biodegradable(258).jpeg,1
non-biodegradable(259).jpeg,1
non-biodegradable(260).jpeg,1
non-biodegradable()261.jpeg,1
non-biodegradable(262).jpeg,1
non-biodegradable(263).jpeg,1
non-biodegradable(264).jpeg,1
non-biodegradable(265).jpeg,1
non-biodegradable(266).jpeg,1
non-biodegradable(267).jpeg,1
non-biodegradable(268).jpeg,1
non-biodegradable(269).jpeg,1
non-biodegradable(270).jpeg,1
non-biodegradable(271).jpeg,1
non-biodegradable(272).jpeg,1
non-biodegradable(273).jpeg,1
non-biodegradable(274).jpeg,1
non-biodegradable(275).jpeg,1
non-biodegradable(276).jpeg,1
non-biodegradable(277).jpeg,1
non-biodegradable(278).jpeg,1
non-biodegradable(279).jpeg,1
non-biodegradable(280).jpeg,1
non-biodegradable(281).jpeg,1
non-biodegradable(282).jpeg,1
non-biodegradable(283).jpeg,1
non-biodegradable(284).jpeg,1
non-biodegradable(285).jpeg,1
non-biodegradable(286).jpeg,1
non-biodegradable(287).jpeg,1
non-biodegradable(288).jpeg,1
non-biodegradable(289).jpeg,1
non-biodegradable(290).jpeg,1
non-biodegradable(291).jpeg,1
non-biodegradable(292).jpeg,1
non-biodegradable(293).jpeg,1
non-biodegradable(294).jpeg,1
non-biodegradable(295).jpeg,1
non-biodegradable(296).jpeg,1
non-biodegradable(297).jpeg,1
non-biodegradable(298).jpeg,1
non-biodegradable(299).jpeg,1
non-biodegradable(300).jpeg,1
non-biodegradable(301).jpeg,1
non-biodegradable(302).jpeg,1
non-biodegradable(303).jpeg,1
non-biodegradable(304).jpeg,1
non-biodegradable(305).jpeg,1
non-biodegradable(306).jpeg,1
non-biodegradable(307).jpeg,1
non-biodegradable(308).jpeg,1
non-biodegradable(309).jpeg,1
non-biodegradable(310).jpeg,1
non-biodegradable(311).jpeg,1
non-biodegradable(312).jpeg,1
non-biodegradable(313).jpeg,1
non-biodegradable(314).jpeg,1
non-biodegradable(230,1
non-biodegradable(315).jpeg,1
non-biodegradable(316).jpeg,1
non-biodegradable(317).jpeg,1
non-biodegradable(318).jpeg,1
non-biodegradable(319).jpeg,1
non-biodegradable(320).jpeg,1
non-biodegradable(321).jpeg,1
non-biodegradable(322).jpeg,1
non-biodegradable(323).jpeg,1
non-biodegradable(324).jpeg,1
non-biodegradable(325).jpeg,1
non-biodegradable(326).jpeg,1
non-biodegradable(327).jpeg,1
non-biodegradable(328).jpeg,1
non-biodegradable(329).jpeg,1
non-biodegradable(330).jpeg,1
non-biodegradable(331).jpeg,1
non-biodegradable(332).jpeg,1
non-biodegradable(333).jpeg,1
non-biodegradable(334).jpeg,1
non-biodegradable(335).jpeg,1
non-biodegradable(336).jpeg,1
non-biodegradable(337).jpeg,1
non-biodegradable(338).jpeg,1
non-biodegradable(339).jpeg,1
non-biodegradable(340).jpeg,1
non-biodegradable(341).jpeg,1
non-biodegradable(342).jpeg,1
non-biodegradable(343).jpeg,1
non-biodegradable(344).jpeg,1
non-biodegradable(345).jpeg,1
non-biodegradable(346).jpeg,1
non-biodegradable(347).jpeg,1
non-biodegradable(348).jpeg,1
non-biodegradable(349).jpeg,1
non-biodegradable(350).jpeg,1
non-biodegradable(351).jpeg,1
non-biodegradable(352).jpeg,1
non-biodegradable(353).jpeg,1
non-biodegradable(354).jpeg,1
non-biodegradable(355).jpeg,1
non-biodegradable(356).jpeg,1
non-biodegradable(357).jpeg,1
non-biodegradable(358).jpeg,1
non-biodegradable(359).jpeg,1
non-biodegradable(360).jpeg,1
non-biodegradable(361).jpeg,1
non-biodegradable(362).jpeg,1
non-biodegradable(363).jpeg,1
non-biodegradable(364).jpeg,1
non-biodegradable(365).jpeg,1
non-biodegradable(366).jpeg,1
non-biodegradable(367).jpeg,1
non-biodegradable(368).jpeg,1
non-biodegradable(369).jpeg,1
non-biodegradable(370).jpeg,1
non-biodegradable(371).jpeg,1
non-biodegradable(372).jpeg,1
non-biodegradable(373).jpeg,1
non-biodegradable(374).jpeg,1
non-biodegradable(375).jpeg,1
non-biodegradable(376).jpeg,1
non-biodegradable(377).jpeg,1
non-biodegradable(378).jpeg,1
non-biodegradable(379).jpeg,1
non-biodegradable(380).jpeg,1
non-biodegradable(381).jpeg,1
non-biodegradable(382).jpeg,1
non-biodegradable(383).jpeg,1
non-biodegradable(384).jpeg,1
non-biodegradable(385).jpeg,1
non-biodegradable(386).jpeg,1
non-biodegradable(387).jpeg,1
non-biodegradable(388).jpeg,1
non-biodegradable(389).jpeg,1
non-biodegradable(390).jpeg,1
non-biodegradable(391).jpeg,1
non-biodegradable(392).jpeg,1
non-biodegradable(393).jpeg,1
non-biodegradable(394).jpeg,1
non-biodegradable(395).jpeg,1
non-biodegradable(396).jpeg,1
non-biodegradable(397).jpeg,1
non-biodegradable(398).jpeg,1
non-biodegradable(399).jpeg,1
non-biodegradable(400).jpeg,1
non-biodegradable(401).jpeg,1
non-biodegradable(402).jpeg,1
non-biodegradable(403).jpeg,1
non-biodegradable(404).jpeg,1
non-biodegradable(405).jpeg,1
non-biodegradable(406).jpeg,1
non-biodegradable(407).jpeg,1
non-biodegradable(408).jpeg,1
non-biodegradable(409).jpeg,1
non-biodegradable(410).jpeg,1
non-biodegradable(411).jpeg,1
non-biodegradable(412).jpeg,1
non-biodegradable(413).jpeg,1
non-biodegradable(414).jpeg,1
non-biodegradable(415).jpeg,1
non-biodegradable(416).jpeg,1
non-biodegradable(417).jpeg,1
non-biodegradable(418).jpeg,1
non-biodegradable(419).jpeg,1
non-biodegradable(420).jpeg,1
non-biodegradable(421).jpeg,1
non-biodegradable(422).jpeg,1
non-biodegradable(423).jpeg,1
non-biodegradable(424).jpeg,1
non-biodegradable(425).jpeg,1
non-biodegradable(426).jpeg,1
non-biodegradable(427).jpeg,1
non-biodegradable(428).jpeg,1
non-biodegradable(429).jpeg,1
non-biodegradable(430).jpeg,1
non-biodegradable(431).jpeg,1
non-biodegradable(432).jpeg,1
non-biodegradable(433).jpeg,1
non-biodegradable(434).jpeg,1
non-biodegradable(435).jpeg,1
non-biodegradable(436).jpeg,1
non-biodegradable(437).jpeg,1
non-biodegradable(438).jpeg,1
non-biodegradable(439).jpeg,1
non-biodegradable(440).jpeg,1
non-biodegradable(441).jpeg,1
non-biodegradable(442).jpeg,1
non-biodegradable(443).jpeg,1
non-biodegradable(444).jpeg,1
non-biodegradable(445).jpeg,1
non-biodegradable(446).jpeg,1
non-biodegradable(447).jpeg,1
non-biodegradable(448).jpeg,1
non-biodegradable(449).jpeg,1
non-biodegradable(450).jpeg,1
non-biodegradable(451).jpeg,1
non-biodegradable(452).jpeg,1
non-biodegradable(453).jpeg,1
non-biodegradable(454).jpeg,1
non-biodegradable(455).jpeg,1
non-biodegradable(456).jpeg,1
non-biodegradable(457).jpeg,1
non-biodegradable(458).jpeg,1
non-biodegradable(459).jpeg,1
non-biodegradable(460).jpeg,1
non-biodegradable(461).jpeg,1
non-biodegradable(462).jpeg,1
non-biodegradable(463).jpeg,1
non-biodegradable(464).jpeg,1
non-biodegradable(465).jpeg,1
non-biodegradable(466).jpeg,1
non-biodegradable(467).jpeg,1
non-biodegradable(468).jpeg,1
non-biodegradable(469).jpeg,1
non-biodegradable(470).jpeg,1
non-biodegradable(471).jpeg,1
non-biodegradable(472).jpeg,1
non-biodegradable(473).jpeg,1
non-biodegradable(474).jpeg,1
non-biodegradable(475).jpeg,1
non-biodegradable(476).jpeg,1
non-biodegradable(477).jpeg,1
non-biodegradable(478).jpeg,1
non-biodegradable(479).jpeg,1
non-biodegradable(480).jpeg,1
non-biodegradable(481).jpeg,1
non-biodegradable(482).jpeg,1
non-biodegradable(483).jpeg,1
non-biodegradable(484).jpeg,1
non-biodegradable(485).jpeg,1
non-biodegradable(486).jpeg,1
non-biodegradable(487).jpeg,1
non-biodegradable(488).jpeg,1
non-biodegradable(489).jpeg,1
non-biodegradable(490).jpeg,1
non-biodegradable(491).jpeg,1
non-biodegradable(492).jpeg,1
non-biodegradable(493).jpeg,1
non-biodegradable(494).jpeg,1
non-biodegradable(495).jpeg,1
non-biodegradable(496).jpeg,1
non-biodegradable(497).jpeg,1
non-biodegradable(498).jpeg,1
non-biodegradable(499).jpeg,1
non-biodegradable(500).jpeg,1
non-biodegradable(501).jpeg,1
non-biodegradable(502).jpeg,1
non-biodegradable(503).jpeg,1
non-biodegradable(504).jpeg,1
non-biodegradable(505).jpeg,1
non-biodegradable(506).jpeg,1
non-biodegradable(507).jpeg,1
non-biodegradable(508).jpeg,1
non-biodegradable(509).jpeg,1
non-biodegradable(510).jpeg,1
non-biodegradable(511).jpeg,1
non-biodegradable(512).jpeg,1
non-biodegradable(513).jpeg,1
non-biodegradable(514).jpeg,1
non-biodegradable(515).jpeg,1
non-biodegradable(516).jpeg,1
non-biodegradable(517).jpeg,1
non-biodegradable(518).jpeg,1
non-biodegradable(519).jpeg,1
non-biodegradable(520).jpeg,1
non-biodegradable(521).jpeg,1
non-biodegradable(522).jpeg,1
non-biodegradable(523).jpeg,1
non-biodegradable(524).jpeg,1
non-biodegradable(525).jpeg,1
non-biodegradable(526).jpeg,1
non-biodegradable(527).jpeg,1
non-biodegradable(528).jpeg,1
non-biodegradable(529).jpeg,1
non-biodegradable(530).jpeg,1
non-biodegradable(531).jpeg,1
non-biodegradable(532).jpeg,1
non-biodegradable(533).jpeg,1
non-biodegradable(534).jpeg,1
non-biodegradable(535).jpeg,1
non-biodegradable(536).jpeg,1
non-biodegradable(537).jpeg,1
non-biodegradable(538).jpeg,1
non-biodegradable(539).jpeg,1
non-biodegradable(540).jpeg,1
non-biodegradable(541).jpeg,1
non-biodegradable(542).jpeg,1
non-biodegradable(543).jpeg,1
non-biodegradable(544).jpeg,1
non-biodegradable(545).jpeg,1
non-biodegradable(546).jpeg,1
non-biodegradable(547).jpeg,1
non-biodegradable(548).jpeg,1
non-biodegradable(549).jpeg,1
non-biodegradable(550).jpeg,1
non-biodegradable(551).jpeg,1
non-biodegradable(552).jpeg,1
non-biodegradable(553).jpeg,1
non-biodegradable(554).jpeg,1
non-biodegradable(555).jpeg,1
non-biodegradable(556).jpeg,1
non-biodegradable(557).jpeg,1
non-biodegradable(558).jpeg,1
non-biodegradable(559).jpeg,1
non-biodegradable(560).jpeg,1
non-biodegradable(561).jpeg,1
non-biodegradable(562).jpeg,1
non-biodegradable(563).jpeg,1
non-biodegradable(564).jpeg,1
non-biodegradable(565).jpeg,1
non-biodegradable(566).jpeg,1
non-biodegradable(567).jpeg,1
non-biodegradable(568).jpeg,1
non-biodegradable(569).jpeg,1
non-biodegradable(570).jpeg,1
non-biodegradable(571).jpeg,1
non-biodegradable(572).jpeg,1
non-biodegradable(573).jpeg,1
non-biodegradable(574).jpeg,1
non-biodegradable(575).jpeg,1
non-biodegradable(576).jpeg,1
non-biodegradable(577).jpeg,1
non-biodegradable(578).jpeg,1
non-biodegradable(579).jpeg,1
non-biodegradable(580).jpeg,1
non-biodegradable(581).jpeg,1
non-biodegradable(582).jpeg,1
non-biodegradable(583).jpeg,1
non-biodegradable(584).jpeg,1
non-biodegradable(585).jpeg,1
non-biodegradable(586).jpeg,1
non-biodegradable(587).jpeg,1
non-biodegradable(588).jpeg,1
non-biodegradable(589).jpeg,1
non-biodegradable(590).jpeg,1
non-biodegradable(591).jpeg,1
non-biodegradable(592).jpeg,1
non-biodegradable(593).jpeg,1
non-biodegradable(594).jpeg,1
non-biodegradable(595).jpeg,1
non-biodegradable(596).jpeg,1
non-biodegradable(597).jpeg,1
non-biodegradable(598).jpeg,1
non-biodegradable(599).jpeg,1
non-biodegradable(600).jpeg,1
non-biodegradable(601).jpeg,1
non-biodegradable(602).jpeg,1
non-biodegradable(603).jpeg,1
non-biodegradable(604).jpeg,1
non-biodegradable(605).jpeg,1
non-biodegradable(606).jpeg,1
non-biodegradable(607).jpeg,1
non-biodegradable(608).jpeg,1
non-biodegradable(609).jpeg,1
non-biodegradable(610).jpeg,1
non-biodegradable(611).jpeg,1
non-biodegradable(612).jpeg,1
non-biodegradable(613).jpeg,1
non-biodegradable(614).jpeg,1
non-biodegradable(615).jpeg,1
non-biodegradable(616).jpeg,1
non-biodegradable(617).jpeg,1
non-biodegradable(618).jpeg,1
non-biodegradable(619).jpeg,1
non-biodegradable(620).jpeg,1
non-biodegradable(621).jpeg,1
non-biodegradable(622).jpeg,1
non-biodegradable(623).jpeg,1
non-biodegradable(624).jpeg,1
non-biodegradable(625).jpeg,1
non-biodegradable(626).jpeg,1
non-biodegradable(627).jpeg,1
non-biodegradable(628).jpeg,1
non-biodegradable(629).jpeg,1
non-biodegradable(630).jpeg,1
non-biodegradable(631).jpeg,1
non-biodegradable(632).jpeg,1
non-biodegradable(633).jpeg,1
non-biodegradable(634).jpeg,1
non-biodegradable(635).jpeg,1
non-biodegradable(636).jpeg,1
non-biodegradable(637).jpeg,1
non-biodegradable(638).jpeg,1
non-biodegradable(639).jpeg,1
non-biodegradable(640).jpeg,1
non-biodegradable(641).jpeg,1
non-biodegradable(642).jpeg,1
non-biodegradable(643).jpeg,1
non-biodegradable(644).jpeg,1
non-biodegradable(645).jpeg,1
non-biodegradable(646).jpeg,1
non-biodegradable(647).jpeg,1
non-biodegradable(648).jpeg,1
non-biodegradable(649).jpeg,1
non-biodegradable(650).jpeg,1
non-biodegradable(651).jpeg,1
non-biodegradable(652).jpeg,1
non-biodegradable(653).jpeg,1
non-biodegradable(654).jpeg,1
non-biodegradable(655).jpeg,1
non-biodegradable(656).jpeg,1
non-biodegradable(657).jpeg,1
non-biodegradable(658).jpeg,1
non-biodegradable(659).jpeg,1
non-biodegradable(660).jpeg,1
non-biodegradable(661).jpeg,1
non-biodegradable(662).jpeg,1
non-biodegradable(663).jpeg,1
non-biodegradable(664).jpeg,1
non-biodegradable(665).jpeg,1
non-biodegradable(666).jpeg,1
non-biodegradable(667).jpeg,1
non-biodegradable(668).jpeg,1
non-biodegradable(669).jpeg,1
non-biodegradable(670).jpeg,1
non-biodegradable(671).jpeg,1
non-biodegradable(672).jpeg,1
non-biodegradable(673).jpeg,1
non-biodegradable(674).jpeg,1
non-biodegradable(675).jpeg,1
non-biodegradable(676).jpeg,1
non-biodegradable(677).jpeg,1
non-biodegradable(678).jpeg,1
non-biodegradable(679).jpeg,1
non-biodegradable(680).jpeg,1
non-biodegradable(681).jpeg,1
non-biodegradable(682).jpeg,1
non-biodegradable(683).jpeg,1
non-biodegradable(684).jpeg,1
non-biodegradable(685).jpeg,1
non-biodegradable(686).jpeg,1
non-biodegradable(687).jpeg,1
non-biodegradable(688).jpeg,1
non-biodegradable(689).jpeg,1
non-biodegradable(690).jpeg,1
non-biodegradable(691).jpeg,1
non-biodegradable(692).jpeg,1
non-biodegradable(693).jpeg,1
non-biodegradable(694).jpeg,1
non-biodegradable(695).jpeg,1
non-biodegradable(696).jpeg,1
non-biodegradable(697).jpeg,1
non-biodegradable(698).jpeg,1
non-biodegradable(699).jpeg,1
non-biodegradable(700).jpeg,1
non-biodegradable(701).jpeg,1
non-biodegradable(702).jpeg,1
non-biodegradable(703).jpeg,1
non-biodegradable(704).jpeg,1
non-biodegradable(705).jpeg,1
non-biodegradable(706).jpeg,1
non-biodegradable(707).jpeg,1
non-biodegradable(708).jpeg,1
non-biodegradable(709).jpeg,1
non-biodegradable(710).jpeg,1
non-biodegradable(711).jpeg,1
non-biodegradable(712).jpeg,1
non-biodegradable(713).jpeg,1
non-biodegradable(714).jpeg,1
non-biodegradable(715).jpeg,1
non-biodegradable(716).jpeg,1
non-biodegradable(717).jpeg,1
non-biodegradable(718).jpeg,1
non-biodegradable(719).jpeg,1
non-biodegradable(720).jpeg,1
non-biodegradable(721).jpeg,1
non-biodegradable(722).jpeg,1
non-biodegradable(723).jpeg,1
non-biodegradable(724).jpeg,1
non-biodegradable(725).jpeg,1
non-biodegradable(726).jpeg,1
non-biodegradable(727).jpeg,1
non-biodegradable(728).jpeg,1
non-biodegradable(729).jpeg,1
non-biodegradable(730).jpeg,1
non-biodegradable(731).jpeg,1
non-biodegradable(732).jpeg,1
non-biodegradable(733).jpeg,1
non-biodegradable(734).jpeg,1
non-biodegradable(735).jpeg,1
non-biodegradable(736).jpeg,1
non-biodegradable(737).jpeg,1
non-biodegradable(739).jpeg,1
non-biodegradable(739).jpeg,1
non-biodegradable(740).jpeg,1
non-biodegradable(741).jpeg,1
non-biodegradable(742).jpeg,1
non-biodegradable(743).jpeg,1
non-biodegradable(744).jpeg,1
non-biodegradable(745).jpeg,1
non-biodegradable(746).jpeg,1
non-biodegradable(747).jpeg,1
non-biodegradable(748).jpeg,1
non-biodegradable(749).jpeg,1
non-biodegradable(750).jpeg,1
non-biodegradable(751).jpeg,1
non-biodegradable(752).jpeg,1
non-biodegradable(753).jpeg,1
non-biodegradable(754).jpeg,1
non-biodegradable(755).jpeg,1
non-biodegradable(756).jpeg,1
non-biodegradable(757).jpeg,1
non-biodegradable(758).jpeg,1
non-biodegradable(759).jpeg,1
non-biodegradable(760).jpeg,1
non-biodegradable(761).jpeg,1
non-biodegradable(762).jpeg,1
non-biodegradable(763).jpeg,1
non-biodegradable(764).jpeg,1
non-biodegradable(765).jpeg,1
non-biodegradable(766).jpeg,1
non-biodegradable(767).jpeg,1
non-biodegradable(768).jpeg,1
non-biodegradable(769).jpeg,1
non-biodegradable(770).jpeg,1
non-biodegradable(771).jpeg,1
non-biodegradable(772).jpeg,1
non-biodegradable(773).jpeg,1
non-biodegradable(774).jpeg,1
non-biodegradable(775).jpeg,1
non-biodegradable(776).jpeg,1
non-biodegradable(777).jpeg,1
non-biodegradable(778).jpeg,1
non-biodegradable(779).jpeg,1
non-biodegradable(780).jpeg,1
non-biodegradable(781).jpeg,1
non-biodegradable(782).jpeg,1
non-biodegradable(783).jpeg,1
non-biodegradable(784).jpeg,1
non-biodegradable(785).jpeg,1
non-biodegradable(786).jpeg,1
non-biodegradable(787).jpeg,1
non-biodegradable(788).jpeg,1
non-biodegradable(789).jpeg,1
non-biodegradable(790).jpeg,1
non-biodegradable(791).jpeg,1
non-biodegradable(792).jpeg,1
non-biodegradable(793).jpeg,1
non-biodegradable(794).jpeg,1
non-biodegradable(795).jpeg,1
non-biodegradable(796).jpeg,1
non-biodegradable(797).jpeg,1
non-biodegradable(798).jpeg,1
non-biodegradable(799).jpeg,1
non-biodegradable(800).jpeg,1
non-biodegradable(801).jpeg,1
non-biodegradable(802).jpeg,1
non-biodegradable(803).jpeg,1
non-biodegradable(804).jpeg,1
non-biodegradable(805).jpeg,1
non-biodegradable(806).jpeg,1
non-biodegradable(807).jpeg,1
non-biodegradable(808).jpeg,1
non-biodegradable(809).jpeg,1
non-biodegradable(810).jpeg,1
non-biodegradable(811).jpeg,1
non-biodegradable(812).jpeg,1
non-biodegradable(813).jpeg,1
non-biodegradable(814).jpeg,1
non-biodegradable(815).jpeg,1
non-biodegradable(816).jpeg,1
non-biodegradable(817).jpeg,1
non-biodegradable(818).jpeg,1
non-biodegradable(819).jpeg,1
non-biodegradable(820).jpeg,1
non-biodegradable(821).jpeg,1
non-biodegradable(822).jpeg,1
non-biodegradable(823).jpeg,1
non-biodegradable(824).jpeg,1
non-biodegradable(825).jpeg,1
non-biodegradable(826).jpeg,1
non-biodegradable(827).jpeg,1
non-biodegradable(828).jpeg,1
non-biodegradable(829).jpeg,1
non-biodegradable(830).jpeg,1
non-biodegradable(831).jpeg,1
non-biodegradable(832).jpeg,1
non-biodegradable(833).jpeg,1
non-biodegradable(834).jpeg,1
non-biodegradable(835).jpeg,1
non-biodegradable(836).jpeg,1
non-biodegradable(837).jpeg,1
non-biodegradable(838).jpeg,1
non-biodegradable(839).jpeg,1
non-biodegradable(840).jpeg,1
non-biodegradable(841).jpeg,1
non-biodegradable(842).jpeg,1
non-biodegradable(843).jpeg,1
non-biodegradable(844).jpeg,1
non-biodegradable(845).jpeg,1
non-biodegradable(846).jpeg,1
non-biodegradable(847).jpeg,1
non-biodegradable(848).jpeg,1
non-biodegradable(849).jpeg,1
non-biodegradable(850).jpeg,1
non-biodegradable(851).jpeg,1
non-biodegradable(852).jpeg,1
non-biodegradable(853).jpeg,1
non-biodegradable(854).jpeg,1
non-biodegradable(855).jpeg,1
non-biodegradable(856).jpeg,1
non-biodegradable(857).jpeg,1
non-biodegradable(858).jpeg,1
non-biodegradable(859).jpeg,1
non-biodegradable(860).jpeg,1
non-biodegradable(861).jpeg,1
non-biodegradable(862).jpeg,1
non-biodegradable(863).jpeg,1
non-biodegradable(864).jpeg,1
non-biodegradable(865).jpeg,1
non-biodegradable(866).jpeg,1
non-biodegradable(867).jpeg,1
non-biodegradable(868).jpeg,1
non-biodegradable(869).jpeg,1
non-biodegradable(870).jpeg,1
non-biodegradable(871).jpeg,1
non-biodegradable(872).jpeg,1
non-biodegradable(873).jpeg,1
non-biodegradable(874).jpeg,1
non-biodegradable(875).jpeg,1
non-biodegradable(876).jpeg,1
non-biodegradable(877).jpeg,1
non-biodegradable(878).jpeg,1
non-biodegradable(879).jpeg,1
non-biodegradable(880).jpeg,1
non-biodegradable(881).jpeg,1
non-biodegradable(882).jpeg,1
non-biodegradable(883).jpeg,1
non-biodegradable(884).jpeg,1
non-biodegradable(885).jpeg,1
non-biodegradable(886).jpeg,1
non-biodegradable(887).jpeg,1
non-biodegradable(888).jpeg,1
non-biodegradable(889).jpeg,1
non-biodegradable(890).jpeg,1
non-biodegradable(891).jpeg,1
non-biodegradable(892).jpeg,1
non-biodegradable(893).jpeg,1
non-biodegradable(894).jpeg,1
non-biodegradable(895).jpeg,1
non-biodegradable(896).jpeg,1
non-biodegradable(897).jpeg,1
non-biodegradable(898).jpeg,1
non-biodegradable(899).jpeg,1
non-biodegradable(900).jpeg,1
non-biodegradable(901).jpeg,1
non-biodegradable(902).jpeg,1
non-biodegradable(903).jpeg,1
non-biodegradable(904).jpeg,1
non-biodegradable(905).jpeg,1
non-biodegradable(906).jpeg,1
non-biodegradable(907).jpeg,1
non-biodegradable(908).jpeg,1
non-biodegradable(909).jpeg,1
non-biodegradable(910).jpeg,1
non-biodegradable(911).jpeg,1
non-biodegradable(912).jpeg,1
non-biodegradable(913).jpeg,1
non-biodegradable(914).jpeg,1
non-biodegradable(915).jpeg,1
non-biodegradable(916).jpeg,1
non-biodegradable(917).jpeg,1
non-biodegradable(918).jpeg,1
non-biodegradable(919).jpeg,1
non-biodegradable(920).jpeg,1
non-biodegradable(921).jpeg,1
non-biodegradable(922).jpeg,1
non-biodegradable(923).jpeg,1
non-biodegradable(924).jpeg,1
non-biodegradable(925).jpeg,1
non-biodegradable(926).jpeg,1
non-biodegradable(927).jpeg,1
non-biodegradable(928).jpeg,1
non-biodegradable(929).jpeg,1
non-biodegradable(930).jpeg,1
non-biodegradable(931).jpeg,1
non-biodegradable(932).jpeg,1
non-biodegradable(933).jpeg,1
non-biodegradable(934).jpeg,1
non-biodegradable(935).jpeg,1
non-biodegradable(936).jpeg,1
non-biodegradable(937).jpeg,1
non-biodegradable(938).jpeg,1
non-biodegradable(939).jpeg,1
non-biodegradable(940).jpeg,1
non-biodegradable(941).jpeg,1
non-biodegradable(942).jpeg,1
non-biodegradable(943).jpeg,1
non-biodegradable(944).jpeg,1
non-biodegradable(945).jpeg,1
non-biodegradable(946).jpeg,1
non-biodegradable(947).jpeg,1
non-biodegradable(948).jpeg,1
non-biodegradable(949).jpeg,1
non-biodegradable(950).jpeg,1
non-biodegradable(951).jpeg,1
non-biodegradable(952).jpeg,1
non-biodegradable(953).jpeg,1
non-biodegradable(954).jpeg,1
non-biodegradable(955).jpeg,1
non-biodegradable(956).jpeg,1
non-biodegradable(957).jpeg,1
non-biodegradable(958).jpeg,1
non-biodegradable(959).jpeg,1
non-biodegradable(960).jpeg,1
non-biodegradable(961).jpeg,1
non-biodegradable(962).jpeg,1
non-biodegradable(963).jpeg,1
non-biodegradable(964).jpeg,1
non-biodegradable(965).jpeg,1
non-biodegradable(966).jpeg,1
non-biodegradable(967).jpeg,1
non-biodegradable(968).jpeg,1
non-biodegradable(969).jpeg,1
non-biodegradable(970).jpeg,1
non-biodegradable(971).jpeg,1
non-biodegradable(972).jpeg,1
non-biodegradable(973).jpeg,1
non-biodegradable(974).jpeg,1
non-biodegradable(975).jpeg,1
non-biodegradable(976).jpeg,1
non-biodegradable(977).jpeg,1
non-biodegradable(978).jpeg,1
non-biodegradable(979).jpeg,1
non-biodegradable(980).jpeg,1
non-biodegradable(981).jpeg,1
non-biodegradable(982).jpeg,1
non-biodegradable(983).jpeg,1
non-biodegradable(984).jpeg,1
non-biodegradable(985).jpeg,1
non-biodegradable(986).jpeg,1
non-biodegradable(987).jpeg,1
non-biodegradable(988).jpeg,1
non-biodegradable(989).jpeg,1
non-biodegradable(990).jpeg,1
non-biodegradable(991).jpeg,1
non-biodegradable(992).jpeg,1
non-biodegradable(993).jpeg,1
non-biodegradable(994).jpeg,1
non-biodegradable(995).jpeg,1
non-biodegradable(996).jpeg,1
non-biodegradable(997).jpeg,1
non-biodegradable(998).jpeg,1
non-biodegradable(999).jpeg,1
non-biodegradable(1000).jpeg,1
non-biodegradable(231).jpeg,1
